,customer_id,gender,location,incomelevel
customer_id,1.0,0.09614414947874689,0.9772843730269657,0.10087498789213648
gender,0.09614414947874689,1.0,0.11087124255306167,0.014981643750889699
location,0.9772843730269657,0.11087124255306167,1.0,0.10004347531750371
incomelevel,0.10087498789213648,0.014981643750889699,0.10004347531750371,1.0
